,time_spent1
0,1042.4802298935024
1,209.81576338856692
2,1295.702119359481
3,191.56256510005676
4,167.46055880668567
5,2349.485502370615
6,1190.6858663343012
7,290.3846093526327
8,298.2985382348731
9,1108.5497775602105
10,981.6034017192211
11,181.28698900985069
12,362.28851108919514
13,305.16360922347724
14,337.3579866845552
15,300.2628819510443
16,1315.535333231335
17,289.0798064075241
18,1230.5438883486158
19,1114.2346244622695
20,404.2578959824722
21,308.9148637993181
22,362.93525183928057
23,330.7013025280538
24,346.7262256796995
25,1082.6537211086616
26,335.84432776026944
27,399.1705776970994
28,244.32671784324526
29,227.54194590640316
30,186.2863301549923
31,296.6749439929408
32,1235.6094108148257
33,1278.6865332660464
34,1138.5885689986737
35,181.28698900985069
36,1148.4362525653844
37,368.89531137957493
38,212.754634949833
39,257.04773613521854
40,461.5497563304665
41,1120.7138757622695
42,399.1705776970994
43,1092.3078367221767
44,212.754634949833
45,1091.333308877082
46,1159.8800868121334
47,398.0603521341514
48,336.6186175007348
49,457.5088079337256
50,1113.5105433044305
51,390.5485403954618
52,1042.4802298935024
53,1199.4111688021512
54,167.94499236799865
55,1126.9468222940473
56,282.99701152860615
57,406.09469070826344
58,1006.7398119712217
59,3113.984841462412
60,212.76527168231058
61,352.1647678135364
62,299.89552300588605
63,222.36982319826387
64,1334.7550729957195
65,1062.206843523427
66,329.71063958626485
67,1192.885850838559
68,393.12005301156967
69,140.42782967952175
70,311.63006050249993
71,390.5485403954618
72,444.9015291821901
73,1055.1817909928025
74,325.4807745298323
75,174.67452799700203
76,324.972057144352
77,1260.4476265542905
78,462.28447422078295
79,292.5910886703342
80,390.5137821970693
81,303.72660599448477
82,1006.7398119712217
83,1204.7625808664698
84,407.5641264888965
85,331.5474343120561
86,317.35930588620175
87,369.5477128521293
88,172.73928175675445
89,396.68704222122267
90,437.5543502790249
91,313.48780397674165
92,1130.0480010440856
93,394.0993945084208
94,396.23170613583335
95,1334.3877140505613
96,234.53790096110413
97,299.89552300588605
98,299.89552300588605
99,335.84432776026944
100,262.8117397173129
101,254.47140986735445
102,247.63294834966956
103,461.9171152756247
104,1903.357649612147
105,1043.2601803564366
106,1011.6673110728264
107,271.5265678109379
108,440.1258628951327
109,444.9015291821901
110,403.85577883892137
111,444.5341702370318
112,285.81880847371747
113,998.3253144309742
114,1040.8895503300228
115,290.3846093526327
116,397.6929931889931
117,3147.80048751867
118,1334.0203551054028
119,407.19676754373825
120,1336.5918677215107
121,229.7622346740468
122,240.80162613049296
123,314.7683230976829
124,429.35537886938846
125,1071.6130004546908
126,301.4110384298494
127,348.49117836195376
128,217.72504097730337
129,194.69516697277083
130,1173.100839671139
131,1199.043809856993
132,1171.717055383985
133,461.5497563304665
134,400.2169475857313
135,2100.248397125284
136,249.55205949322308
137,3088.714577012498
138,347.0935846248577
139,1126.8525399462826
140,1115.6799387769877
141,373.90031324718547
142,1174.0028809876321
143,1197.8204892386718
144,369.78984845365954
145,301.4715590284486
146,325.5582772958382
147,406.09469070826344
148,287.6589382752257
149,262.8117397173129
150,1334.0203551054028
151,368.1605934892584
152,320.0478931184643
153,2299.305837602502
154,369.5477128521293
155,299.89552300588605
156,311.5791672074133
157,256.6803771900603
158,1130.503337129475
159,290.7195357461504
160,395.21760644058963
161,406.09469070826344
162,346.7262256796995
163,353.7165200119316
164,1299.254465028217
165,1879.979886834867
166,249.58348261589867
167,209.69551605494763
168,1236.9576028126123
169,181.3935892517802
170,1162.8899663259617
171,386.1402330535627
172,399.1705776970994
173,391.0886809036177
174,349.59325519742856
175,215.1340581887845
176,290.3846093526327
177,252.03310696409545
178,352.1647678135364
179,1138.9712159698133
180,402.78846020183914
181,1160.9675201066912
182,1238.5482823760917
183,333.3842290378475
184,1041.51766797841
185,174.00599142775363
186,1112.623992599567
187,312.22109430574244
188,385.8365674244682
189,203.19531600649742
190,187.71534701476392
191,366.5531343440203
192,393.12005301156967
193,1084.490515834453
194,1175.9001963120227
195,397.7011419164664
196,1040.8895503300228
197,399.5379366422577
198,279.4599668655893
199,3222.32346009071
200,285.81880847371747
201,1329.979406708662
202,406.09469070826344
203,1980.209836840512
204,191.8685563759032
205,461.5497563304665
206,1205.3760549739397
207,1103.29152123178
208,384.1807029891478
209,285.81880847371747
210,1047.879844662255
211,1188.360468880505
212,174.67452799700203
213,1104.675305518934
214,1238.5482823760917
215,1023.5170796656552
216,420.9061231307485
217,352.1647678135364
218,1915.318187613597
219,235.7118198401159
220,1279.4212511563628
221,226.6901533999319
222,407.5641264888965
223,212.754634949833
224,406.09469070826344
225,313.68571643461917
226,1164.1713195378777
227,308.1024807847433
228,347.0935846248577
229,169.00183663085568
230,461.9171152756247
231,352.1647678135364
232,2022.5652037806456
233,215.1340581887845
234,231.99548582091995
235,461.9171152756247
236,1229.4765697115338
237,396.23170613583335
238,1074.450932496496
239,305.89832711379375
240,368.4456360166545
241,351.02311912791276
242,258.27254830931696
243,128.96786033607873
244,1974.7262244923097
245,1211.162485880524
246,1027.8083123913996
247,1204.6413370836233
248,1207.3340934825776
249,318.263470263799
250,338.82277117168434
251,258.27254830931696
252,457.87616687888385
253,1160.4258880427583
254,462.28447422078295
255,153.5009188906718
256,1207.5802086448894
257,346.7262256796995
258,352.2470842312986
259,335.84432776026944
260,301.4715590284486
261,229.0461398854287
262,218.17952999198013
263,1065.2960563434633
264,285.997250759184
265,274.8060264881906
266,284.4350241865636
267,319.9308185023096
268,1153.9981745229095
269,380.31819687787345
270,1223.493717902849
271,354.3689214844859
272,1187.2583920450304
273,267.5388383560356
274,382.8897094939813
275,343.0526362281169
276,325.5630909475945
277,1100.1685466625786
278,382.8897094939813
279,319.9308185023096
280,151.44859803426954
281,370.9614416859194
282,238.19535531599266
283,368.4456360166545
284,395.21760644058963
285,346.7262256796995
286,349.59325519742856
287,429.35537886938846
288,1117.9712354971934
289,1146.0431822347432
290,453.46785953698475
291,227.4458200386988
292,327.76243096678775
293,370.5940827407611
294,296.22526863002037
295,1163.1901345210867
296,289.7426822543036
297,1181.3077974499963
298,1200.6003886868823
299,1123.482453765542
300,289.7426822543036
301,1317.3721279571264
302,406.09469070826344
303,3121.56135594613
304,379.671456127788
305,346.7262256796995
306,181.3935892517802
307,384.7265042197726
308,1226.5544777320263
309,338.82277117168434
310,319.9308185023096
311,436.8196323887083
312,1274.8917000316171
313,380.31819687787345
314,307.735121839585
315,1241.854512882516
316,288.12956238659655
317,406.09469070826344
318,274.7875657447445
319,404.2578959824722
320,1110.2713411897869
321,1188.360468880505
322,304.5541146767887
323,426.7838662532806
324,338.82742246518825
325,352.1647678135364
326,252.7759735818852
327,397.7011419164664
328,110.44808026361854
329,255.9456592997438
330,317.06860263633683
331,393.23712762772436
332,2048.677633433518
333,2075.0290259704566
334,399.1705776970994
335,386.1402330535627
336,461.9171152756247
337,456.0393721530926
338,1105.8902878038716
339,1251.391201915714
340,395.21760644058963
341,1171.717055383985
342,348.49117836195376
343,399.1705776970994
344,333.55452259584075
345,370.649789687604
346,1118.7520200511026
347,275.73780976567207
348,1026.7062355559246
349,1299.6218239733753
350,360.4355812667098
351,1171.4709402216733
352,240.03215004178395
353,1203.1719013029904
354,352.1647678135364
355,284.94606721879586
356,208.07758253548428
357,385.82858105524735
358,353.1763795037757
359,334.04710488462695
360,374.2676721923437
361,276.15373635916495
362,462.28447422078295
363,2349.485502370615
364,352.1647678135364
365,406.09469070826344
366,346.7262256796995
367,369.01804671819855
368,1120.5926319794228
369,1157.761584634663
370,1157.7944993131157
371,444.9015291821901
372,201.05734365661596
373,222.13334831920247
374,225.5880765644571
375,153.852142739136
376,353.7165200119316
377,343.7873541184334
378,1099.8996392318766
379,382.8897094939813
380,247.63294834966956
381,256.74174485937215
382,1130.8545609779392
383,332.90545619900337
384,285.997250759184
385,461.5497563304665
386,1991.2226188260388
387,154.35271139714305
388,395.21760644058963
389,1110.2713411897869
390,319.97039035245837
391,235.4753449610545
392,1258.9781907736574
393,1066.0054939603851
394,225.5880765644571
395,174.14486186307133
396,319.9308185023096
397,444.5341702370318
398,352.1647678135364
399,1157.761584634663
400,290.3846093526327
401,1112.492274442495
402,238.88817570940836
403,398.0603521341514
404,321.8071850782497
405,193.90225413060705
406,167.94499236799865
407,2347.894822807136
408,384.7265042197726
409,1178.6007494742876
410,272.1094528867072
411,261.83138879149675
412,1130.8706960746333
413,1117.6038765520352
414,275.54074437850704
415,3155.1476664218353
416,244.84257452723384
417,302.01254660731706
418,346.7262256796995
419,1137.021515794559
420,399.1705776970994
421,278.7252489752728
422,448.94247757893095
423,384.7265042197726
424,406.4620496534217
425,332.9496793426561
426,1299.3757088110635
427,1134.2835268229871
428,1249.5544071899226
429,298.28806386064787
430,183.12378373564198
431,283.3329473510888
432,343.0526362281169
433,1192.7687762224043
434,1238.793753053339
435,249.18470054806482
436,303.72660599448477
437,288.12956238659655
438,462.28447422078295
439,1334.3877140505613
440,168.05159260992815
441,1475.0568650870412
442,294.83814926714956
443,352.1647678135364
444,398.4277110793097
445,212.01991705951647
446,462.28447422078295
447,1186.0691721602993
448,346.7262256796995
449,1141.0277059929074
450,332.90545619900337
451,1129.3892943639978
452,386.87495094387924
453,396.23170613583335
454,1143.71629322517
455,335.5988570830222
456,352.1647678135364
457,1145.0644852229566
458,422.0081999662233
459,245.9178795335369
460,440.1258628951327
461,1032.235242834997
462,311.64053487672516
463,333.3842290378475
464,389.7443061083602
465,1241.854512882516
466,439.02378605965794
467,407.19676754373825
468,231.0670376191554
469,378.56937929231333
470,3222.32346009071
471,243.95602382237007
472,210.9178402240417
473,462.28447422078295
474,346.61481178601366
475,227.09227054348267
476,2098.65707307674
477,398.06850086162467
478,1127.435425022052
479,351.39047807307105
480,440.1258628951327
481,419.43668735011545
482,352.1647678135364
483,1181.8740653022594
484,1147.6255234648393
485,259.0468380497823
486,1118.9038528656497
487,168.05159260992815
488,233.08708828216953
489,1188.360468880505
490,395.1296293003586
491,1286.0295430025196
492,444.5341702370318
493,238.81299859015445
494,997.9231972874235
495,407.19676754373825
496,1151.18054674449
497,1052.9551970176253
498,1099.6693072020962
499,2190.6639302068334
500,1104.8334435410145
501,1240.998551209353
502,352.1647678135364
503,453.46785953698475
504,1334.3877140505613
505,298.28806386064787
506,352.1647678135364
507,356.1152510650418
508,389.4464635599871
509,1100.1685466625786
510,319.126584215208
511,1160.9675201066912
512,334.3748919796364
513,1207.2128496997311
514,148.9594018359239
515,253.14333252704347
516,211.39428741613384
517,174.67452799700203
518,194.2696130757653
519,1158.6567661938122
520,348.93037935064905
521,285.45144952855924
522,308.71213768968425
523,232.68497113861878
524,1278.932648428358
525,168.05159260992815
526,419.43668735011545
527,1192.885850838559
528,257.1091038045304
529,319.9308185023096
530,332.90545619900337
531,155.3377136164631
532,1004.7859426292757
533,1117.8283855010943
534,271.6040705769438
535,1281.6254048273124
536,1228.8798751858224
537,1104.587328378703
538,1125.8447454585723
539,406.09469070826344
540,265.0158933882625
541,352.1647678135364
542,399.1705776970994
543,379.671456127788
544,317.35930588620175
545,1124.5313116591783
546,1082.6537211086616
547,261.4455691028925
548,456.0393721530926
549,290.3846093526327
550,187.71534701476392
551,422.7429178565398
552,195.98616046793734
553,244.32338276752833
554,1162.5581996701706
555,275.73780976567207
556,1112.5027488167204
557,303.72660599448477
558,338.46006352002996
559,390.5485403954618
560,1309.6575901088029
561,114.19351175873813
562,245.9178795335369
563,347.389101526479
564,226.6901533999319
565,406.09469070826344
566,1336.5918677215107
567,289.7426822543036
568,1221.043449069588
569,296.6749439929408
570,1080.915540255579
571,151.04648089071873
572,1298.690660283397
573,365.8184164537038
574,335.14918172010175
575,340.2968582458213
576,1298.2736319755888
577,204.90456174190876
578,380.31819687787345
579,294.27139928807435
580,237.01096206275565
581,1188.6017574113228
582,391.91137593416533
583,406.09469070826344
584,316.9919469410435
585,385.82858105524735
586,346.94741253277937
587,367.05851665378367
588,328.86450780226255
589,95.79080630243266
590,334.4863058733222
591,222.50070726436073
592,349.59325519742856
593,367.71091812633796
594,1148.9763930735403
595,1041.8397943509503
596,1184.0497659823498
597,1184.47849259682
598,407.5641264888965
599,364.73247471492306
600,129.03970237961573
601,247.0199563690117
602,197.5517221162747
603,319.9308185023096
604,423.1102768016981
605,1073.8519123240326
606,335.14918172010175
607,239.44926496601468
608,1112.6587507979593
609,444.9015291821901
610,187.48685850492336
611,2062.7891061640794
612,246.16351256903653
613,1112.6787030971825
614,335.14918172010175
615,209.81576338856692
616,352.1647678135364
617,399.1785640663203
618,436.8196323887083
619,357.2520860989091
620,329.71063958626485
621,396.23170613583335
622,1248.6963094759178
623,216.34839598865773
624,168.05159260992815
625,393.66019351972557
626,1211.162485880524
627,110.44808026361854
628,382.15499160366477
629,352.1647678135364
630,1129.7566533091563
631,315.76379969122814
632,382.8897094939813
633,289.27687179468904
634,374.2676721923437
635,1113.5105433044305
636,235.84270390621276
637,255.44509064173673
638,315.76379969122814
639,319.9308185023096
640,319.9308185023096
641,3152.674605320184
642,300.63024089620257
643,252.40861463672695
644,353.7165200119316
645,304.5541146767887
646,2190.6639302068334
647,284.95654159302103
648,257.28188536752805
649,244.47521558207555
650,1172.1772051211308
651,367.71091812633796
652,352.1647678135364
653,2019.0086889452177
654,223.6955748918229
655,1317.8259724867387
656,406.09469070826344
657,1128.4162580746802
658,1315.535333231335
659,239.29743215146743
660,1278.932648428358
661,382.8897094939813
662,1057.336894888605
663,284.94606721879586
664,247.75467425932823
665,383.56872043745494
666,410.8703569953208
667,1302.1933365894831
668,424.21235363717284
669,381.05291476819
670,353.7165200119316
671,1263.3864981155564
672,346.7262256796995
673,377.57390269876805
674,289.7426822543036
675,90.35226416859578
676,236.35856059020136
677,373.90031324718547
678,195.00433096608182
679,329.71063958626485
680,333.3842290378475
681,1993.5518334823641
682,260.6794280899004
683,399.1705776970994
684,1112.6787030971825
685,1174.0028809876321
686,341.0269248426339
687,269.9909507092368
688,349.67557161519073
689,406.09469070826344
690,1113.5105433044305
691,1900.7675138943407
692,212.754634949833
693,1475.0568650870412
694,1150.1664470492462
695,253.74150562879424
696,365.5067644553884
697,457.87616687888385
698,391.65061723093663
699,357.61944504406733
700,1274.8917000316171
701,1285.6315950256605
702,1043.338327607507
703,392.19075773909253
704,226.83134948200154
705,332.90545619900337
706,429.35537886938846
707,370.5940827407611
708,421.64084102106506
709,168.05159260992815
710,1114.9410517199792
711,337.80301075397176
712,1148.5757674857666
713,318.09402377651827
714,396.23170613583335
715,462.28447422078295
716,1043.2601803564366
717,1149.9693816620813
718,303.72660599448477
719,399.1705776970994
720,1188.360468880505
721,1138.2220441444902
722,389.4464635599871
723,316.9919469410435
724,1198.1549335053774
725,448.94247757893095
726,1187.2583920450304
727,367.7932345441002
728,1045.5772394768492
729,257.21004332399104
730,187.48685850492336
731,2323.1726852345982
732,1326.3058172570793
733,338.82277117168434
734,315.5225111604105
735,284.94606721879586
736,1298.640990920747
737,2046.1456926675592
738,1174.3095167485433
739,269.28765594159586
740,1314.5545001787068
741,315.76379969122814
742,338.82277117168434
743,461.5497563304665
744,338.314053786204
745,360.5583166053334
746,215.1340581887845
747,318.63082920895727
748,252.42390266270846
749,334.04710488462695
750,329.71063958626485
751,184.84831749703486
752,271.6040705769438
753,285.8221435494344
754,184.9178338938199
755,373.90031324718547
756,406.09469070826344
757,1148.0113431534435
758,167.5776334228404
759,1208.682285480364
760,367.2878522343368
761,1042.740988596731
762,285.45144952855924
763,240.03215004178395
764,406.09469070826344
765,345.8953819216787
766,302.4218030493761
767,275.934875152837
768,304.4288913331607
769,305.76279175419296
770,368.4456360166545
771,393.12005301156967
772,169.00183663085568
773,391.0886809036177
774,327.76243096678775
775,1040.8895503300228
776,1142.4252997300034
777,181.3935892517802
778,162.43460819062477
779,343.0526362281169
780,318.8287416668348
781,378.11404320692395
782,1317.8259724867387
783,1320.7954330797054
784,386.1402330535627
785,1285.298994278895
786,225.3725504338461
787,262.8117397173129
788,1154.1089439315308
789,169.00183663085568
790,1150.0946050057094
791,1127.158531222129
792,1219.785370252874
793,338.82277117168434
794,400.2169475857313
795,1985.4619503196616
796,219.92919464825292
797,462.28447422078295
798,101.52486533789079
799,378.11404320692395
800,195.37168991124008
801,1210.2729650438437
802,996.7346348674948
803,335.588382708797
804,181.3935892517802
805,235.7118198401159
806,1157.4256488121803
807,1011.7657625872827
808,1141.8794984993788
809,457.14144898856733
810,2001.4102177760137
811,348.49117836195376
812,243.95602382237007
813,362.8956799891318
814,1995.146492606625
815,274.7875657447445
816,404.2578959824722
817,248.10357246104041
818,252.40861463672695
819,1150.1664470492462
820,1223.8610768480073
821,285.45144952855924
822,461.9171152756247
823,305.76279175419296
824,1174.3095167485433
825,1210.19594440465
826,195.7310624871775
827,168.05159260992815
828,1295.702119359481
829,352.1647678135364
830,194.73558589363225
831,1141.6486843427863
832,365.87412340054664
833,396.68704222122267
834,1095.2077809183586
835,373.90031324718547
836,1280.890686936996
837,170.50036988741238
838,1130.0480010440856
839,1168.4108248775608
840,324.6555914942803
841,1144.5800516616437
842,270.8184593915407
843,311.63006050249993
844,1143.6564171116354
845,444.9015291821901
846,1034.7881323494064
847,1136.8730180557288
848,1122.6758938316887
849,1117.8283855010943
850,172.6035840389013
851,1108.5497775602105
852,327.76243096678775
853,369.5477128521293
854,458.2435258240421
855,462.28447422078295
856,429.35537886938846
857,375.2631487858889
858,239.18035753531268
859,338.314053786204
860,315.76379969122814
861,196.61761319204126
862,1083.7557979441365
863,379.671456127788
864,370.9614416859194
865,397.7011419164664
866,1259.9575322705084
867,458.2435258240421
868,290.35217680099214
869,303.72660599448477
870,1293.7440808508431
871,461.1823973853082
872,462.28447422078295
873,258.4000972996969
874,251.5373519578447
875,1239.1611119984973
876,1930.1748526086997
877,318.63082920895727
878,368.75728801496984
879,352.1647678135364
880,217.3576820321451
881,252.40861463672695
882,262.39581312382
883,169.41442814863169
884,314.4204343249357
885,396.68704222122267
886,378.5532441956192
887,382.15499160366477
888,453.46785953698475
889,225.5880765644571
890,369.01804671819855
891,235.9493041481423
892,1181.8740653022594
893,1246.0035530769635
894,275.54074437850704
895,3177.638878494251
896,270.4511004463824
897,346.7262256796995
898,1272.6875463606677
899,246.06172597886334
900,144.58585269241732
901,406.09469070826344
902,85.75504016700495
903,404.2578959824722
904,197.82295519372863
905,373.90031324718547
906,332.53809725384514
907,1089.1863537087524
908,1155.7672963718555
909,1157.4256488121803
910,1158.589093316967
911,275.73780976567207
912,262.44438077215466
913,406.09469070826344
914,1120.2252730342645
915,1168.7000365716485
916,385.8365674244682
917,384.7265042197726
918,2202.707404213549
919,235.7118198401159
920,335.14918172010175
921,399.1785640663203
922,1326.3058172570793
923,384.7265042197726
924,328.4776786846933
925,396.23170613583335
926,1309.6575901088029
927,310.4770903719385
928,347.0935846248577
929,181.3935892517802
930,290.3846093526327
931,442.69737551124047
932,285.81880847371747
933,156.0910546084781
934,444.9015291821901
935,161.9501746293118
936,272.47681183186546
937,461.9171152756247
938,453.46785953698475
939,1903.1235003798374
940,316.62458799588524
941,1034.7881323494064
942,245.9178795335369
943,376.7164494698279
944,348.8189654569632
945,322.174544023408
946,406.09469070826344
947,1014.856466963096
948,334.04710488462695
949,259.9945940657055
950,314.8135556703006
951,398.06850086162467
952,1232.0480823276416
953,1149.2346637717646
954,328.4776786846933
955,304.5541146767887
956,1174.6915192346185
957,319.9308185023096
958,362.2723759925011
959,346.7262256796995
960,192.80017729513227
961,398.06850086162467
962,354.68057348280126
963,357.2520860989091
964,149.0926115487727
965,201.05734365661596
966,456.0393721530926
967,337.3579866845552
968,1211.2376629997777
969,2075.7442736883622
970,2133.406828057232
971,129.407061324774
972,1114.2105029963545
973,262.39581312382
974,252.7759735818852
975,267.220047059212
976,222.36982319826387
977,1280.890686936996
978,353.1763795037757
979,354.3689214844859
980,356.394632869969
981,110.44808026361854
982,333.27281514416165
983,194.73558589363225
984,149.75548739555222
985,1056.680324249359
986,1148.5757674857666
987,2047.5294769547131
988,1083.7557979441365
989,379.89513098587236
990,395.21760644058963
991,297.77702082841563
992,338.9050875894465
993,150.67912194556047
994,271.0259991529308
995,153.76982632137378
996,1222.9916576890648
997,211.28519916919996
998,1171.064009426366
999,290.3846093526327
1000,166.54173790843373
1001,1263.3864981155564
1002,280.8808349978877
1003,1135.2337708439147
1004,1035.0264507484076
1005,245.9178795335369
1006,290.3846093526327
1007,1113.499906571953
1008,230.05775157566805
1009,336.4933941571068
1010,244.56319272230667
1011,1321.7804352990256
1012,379.671456127788
1013,393.23712762772436
1014,349.67557161519073
1015,369.8593648504446
1016,3222.32346009071
1017,304.79625027831895
1018,240.03215004178395
1019,1122.143902051006
1020,1210.19594440465
1021,320.9068249234438
1022,1184.4407642666108
1023,321.4002542829426
1024,341.7662940264543
1025,374.2676721923437
1026,354.68057348280126
1027,209.0810454982504
1028,342.0732947312658
1029,397.6929931889931
1030,1065.6343178126979
1031,1264.2424597887195
1032,156.34133893748162
1033,352.1647678135364
1034,461.5497563304665
1035,1077.2565943449133
1036,191.56256510005676
1037,394.5894887922027
1038,1239.1611119984973
1039,399.1785640663203
1040,1929.2430693312183
1041,1120.941530181135
1042,1158.6567661938122
1043,306.7058964766122
1044,352.0395444699084
1045,252.40861463672695
1046,410.0290388630747
1047,368.26719373118794
1048,336.2512585555765
1049,1030.5196918920524
1050,406.09469070826344
1051,259.13815026573036
1052,406.09469070826344
1053,252.03310696409545
1054,396.910717079307
1055,275.1733854333488
1056,370.2267237956029
1057,226.83134948200154
1058,261.83138879149675
1059,1197.3425504908025
1060,199.65493626776362
1061,1210.2729650438437
1062,334.3748919796364
1063,299.5281640607278
1064,304.5541146767887
1065,390.5485403954618
1066,311.63006050249993
1067,271.98190389632725
1068,1071.0462504756154
1069,1106.2303927930461
1070,261.83138879149675
1071,1080.0622561933305
1072,149.0926115487727
1073,1161.9177641276187
1074,1175.8396757134235
1075,1117.161340487623
1076,3175.0673658781434
1077,1126.8525399462826
1078,1112.5027488167204
1079,245.9178795335369
1080,1115.3084106651377
1081,236.6088449192049
1082,289.27687179468904
1083,1083.7557979441365
1084,254.96065708042374
1085,399.1705776970994
1086,209.13442679834137
1087,396.95827529867665
1088,1127.435425022052
1089,405.25337257601734
1090,460.8150384401499
1091,393.12005301156967
1092,212.9703234386964
1093,156.22426432132687
1094,162.31753357447005
1095,262.8117397173129
1096,197.18436317111644
1097,1972.7375969519712
1098,1158.1289435798212
1099,388.71174566967056
1100,1108.9665382446783
1101,1018.893246193145
1102,297.77702082841563
1103,151.78119878103524
1104,319.9308185023096
1105,247.33743144804833
1106,409.40092121468774
1107,461.5497563304665
1108,340.2968582458213
1109,286.8038106930375
1110,352.1647678135364
1111,1150.3635124364112
1112,267.220047059212
1113,1278.932648428358
1114,393.12005301156967
1115,306.7058964766122
1116,281.7326275043589
1117,453.46785953698475
1118,236.6088449192049
1119,209.69551605494763
1120,1111.0333130360873
1121,251.5373519578447
1122,339.2724465346048
1123,369.01804671819855
1124,185.57822173559506
1125,155.99492874077373
1126,1317.3721279571264
1127,275.73780976567207
1128,396.23170613583335
1129,181.3531703309188
1130,1116.7778464457706
1131,1100.1685466625786
1132,178.8939186792094
1133,1161.3495225927663
1134,352.1647678135364
1135,1970.7062248440193
1136,222.50070726436073
1137,1124.492384294094
1138,303.72660599448477
1139,315.5225111604105
1140,1281.1368020993077
1141,296.6749439929408
1142,346.7262256796995
1143,255.9456592997438
1144,1921.9411230006708
1145,457.87616687888385
1146,1118.7520200511026
1147,346.7262256796995
1148,357.2520860989091
1149,419.0693284049572
1150,274.7875657447445
1151,275.73780976567207
1152,352.1647678135364
1153,321.1547836056954
1154,396.23170613583335
1155,444.9015291821901
1156,286.1861674188757
1157,317.06860263633683
1158,1189.9511484439847
1159,419.43668735011545
1160,399.1705776970994
1161,398.7950700244679
1162,462.28447422078295
1163,1157.4271403679575
1164,352.1647678135364
1165,222.13334831920247
1166,370.649789687604
1167,354.81859684740635
1168,226.6901533999319
1169,1140.1654391122108
1170,462.28447422078295
1171,3064.8096361062917
1172,1149.727246060551
1173,288.12956238659655
1174,333.3842290378475
1175,1127.9812262526768
1176,150.67912194556047
1177,304.11491368809345
1178,336.6186175007348
1179,276.15373635916495
1180,123.79007690547058
1181,221.32096530462766
1182,321.4002542829426
1183,289.7426822543036
1184,198.9202183774471
1185,369.8593648504446
1186,311.63006050249993
1187,230.15869109512866
1188,181.28698900985069
1189,320.6655363926261
1190,137.33712530370843
1191,211.7616463612921
1192,238.19535531599266
1193,1099.6693072020962
1194,1161.9177641276187
1195,1038.1437645951403
1196,227.09227054348267
1197,288.8328571542375
1198,299.339247401036
1199,1263.3864981155564
1200,1135.2337708439147
1201,298.87909766389043
1202,322.246386066945
1203,452.73314164666823
1204,403.5231780921556
1205,423.1102768016981
1206,1147.6255234648393
1207,1068.4567592428739
1208,352.9818021216151
1209,1056.680324249359
1210,290.5978098364918
1211,981.6034017192211
1212,289.7426822543036
1213,1135.2337708439147
1214,303.72660599448477
1215,151.44859803426954
1216,376.7164494698279
1217,1104.675305518934
1218,222.13334831920247
1219,319.9308185023096
1220,396.23170613583335
1221,227.1987084271598
1222,379.2161200423987
1223,276.7519094609157
1224,2067.197413505978
1225,227.45962948864093
1226,222.36982319826387
1227,2085.591123164098
1228,253.00678773847773
1229,3222.32346009071
1230,1131.6095831316416
1231,167.94499236799865
1232,168.05159260992815
1233,396.23170613583335
1234,1002.2450190448686
1235,345.6241488442247
1236,212.01991705951647
1237,2019.0086889452177
1238,399.1705776970994
1239,1197.493549214375
1240,406.09469070826344
1241,346.89651923769276
1242,396.23170613583335
1243,439.39114500481617
1244,406.02517431147834
1245,382.8897094939813
1246,222.64920500319104
1247,274.31694163337363
1248,2291.0316890736112
1249,349.1863244021215
1250,240.03215004178395
1251,1171.4709402216733
1252,367.05851665378367
1253,250.18499079336635
1254,338.17036969913
1255,381.05291476819
1256,301.4715590284486
1257,332.90545619900337
1258,195.42507121133104
1259,363.6303978794483
1260,355.10363937480247
1261,298.28806386064787
1262,294.27139928807435
1263,352.1647678135364
1264,399.1785640663203
1265,249.05381648196797
1266,354.81859684740635
1267,1216.1949313100286
1268,386.1402330535627
1269,1945.686244723109
1270,458.2435258240421
1271,1202.191068250362
1272,1021.9305692688674
1273,1011.8786680367456
1274,252.42390266270846
1275,369.5477128521293
1276,341.7662940264543
1277,1147.6255234648393
1278,1264.2424597887195
1279,373.90031324718547
1280,1202.5485973063594
1281,1274.8917000316171
1282,195.98616046793734
1283,3254.9660343386695
1284,350.77764845066554
1285,462.28447422078295
1286,1148.5757674857666
1287,419.43668735011545
1288,463.753910001416
1289,461.5497563304665
1290,389.4464635599871
1291,290.3846093526327
1292,167.94499236799865
1293,406.09469070826344
1294,348.49117836195376
1295,379.89513098587236
1296,348.49117836195376
1297,399.1785640663203
1298,357.12935076028543
1299,290.3846093526327
1300,993.3978153293697
1301,334.04710488462695
1302,1210.9306622949664
1303,352.1647678135364
1304,195.06020027117717
1305,319.9308185023096
1306,444.5341702370318
1307,290.3846093526327
1308,440.1258628951327
1309,270.8184593915407
1310,310.9162913606338
1311,398.06850086162467
1312,352.1647678135364
1313,382.8897094939813
1314,1210.2729650438437
1315,1112.2872226861093
1316,440.24293751128744
1317,366.5531343440203
1318,367.05851665378367
1319,461.9171152756247
1320,1331.0814835441367
1321,1349.835870078157
1322,1331.0814835441367
1323,1116.2377059376147
1324,190.96338256934098
1325,286.8038106930375
1326,194.73558589363225
1327,170.30097885349545
1328,3154.7455492782847
1329,328.86450780226255
1330,402.78846020183914
1331,271.614544951169
1332,1263.3864981155564
1333,357.2520860989091
1334,461.5497563304665
1335,1192.7687762224043
1336,332.90545619900337
1337,391.91137593416533
1338,355.4152913731178
1339,363.3744528279759
1340,169.78178709378994
1341,285.997250759184
1342,246.06172597886334
1343,1277.9518153757297
1344,321.4002542829426
1345,436.8196323887083
1346,369.5477128521293
1347,1263.3864981155564
1348,271.614544951169
1349,348.49117836195376
1350,192.80017729513227
1351,303.72660599448477
1352,385.82858105524735
1353,299.89552300588605
1354,338.82277117168434
1355,346.7262256796995
1356,271.7420939415489
1357,360.9256755504917
1358,390.5137821970693
1359,462.28447422078295
1360,390.9158993406201
1361,306.7058964766122
1362,106.56129032817688
1363,1054.0572738531
1364,361.8331750038058
1365,406.09469070826344
1366,210.9178402240417
1367,1150.2303027235623
1368,285.81880847371747
1369,233.08708828216953
1370,373.90031324718547
1371,1173.4681986162973
1372,167.94499236799865
1373,366.9204932891785
1374,285.997250759184
1375,1267.5486902951438
1376,356.1152510650418
1377,308.1024807847433
1378,235.4753449610545
1379,1212.032739130441
1380,354.68057348280126
1381,253.14333252704347
1382,458.2435258240421
1383,1034.6590918032493
1384,373.90031324718547
1385,389.8138225051453
1386,383.61627865682453
1387,404.2578959824722
1388,406.09469070826344
1389,1188.6017574113228
1390,424.21235363717284
1391,396.23170613583335
1392,1402.2536126246378
1393,309.93927551053457
1394,155.3377136164631
1395,282.99701152860615
1396,353.7165200119316
1397,1130.0069376381598
1398,299.16414019128644
1399,1202.9063159682676
1400,349.67557161519073
1401,1065.991202383631
1402,285.81880847371747
1403,351.39047807307105
1404,1205.743413919098
1405,444.5341702370318
1406,2347.894822807136
1407,1057.7042538337632
1408,319.9308185023096
1409,352.2470842312986
1410,114.19351175873813
1411,1988.0682211341618
1412,127.90286734574843
1413,1172.7334807259806
1414,399.1785640663203
1415,1181.796400178001
1416,375.2631487858889
1417,406.09469070826344
1418,1315.7736516303364
1419,406.09469070826344
1420,396.68704222122267
1421,328.60856275079004
1422,108.76544399912643
1423,406.09469070826344
1424,442.69737551124047
1425,2242.3675267497238
1426,246.39432672562907
1427,1144.5800516616437
1428,338.9050875894465
1429,333.3842290378475
1430,129.407061324774
1431,320.0478931184643
1432,2048.677633433518
1433,331.1800753668979
1434,258.3121201594658
1435,160.23045451967522
1436,308.5045979282941
1437,284.95654159302103
1438,367.71091812633796
1439,333.3842290378475
1440,1274.8917000316171
1441,288.90951284953076
1442,1129.7566533091563
1443,267.62930350127107
1444,150.67912194556047
1445,365.08369856338726
1446,362.63973493765934
1447,407.5641264888965
1448,463.753910001416
1449,424.21235363717284
1450,267.220047059212
1451,1098.4260342845519
1452,462.28447422078295
1453,1244.2880021340188
1454,408.26408618082047
1455,351.02311912791276
1456,205.5779119629135
1457,351.02311912791276
1458,293.4881137494232
1459,1096.710483341607
1460,1074.6641329803551
1461,303.72660599448477
1462,324.972057144352
1463,325.93044989275273
1464,353.7165200119316
1465,273.28670684143594
1466,463.753910001416
1467,393.12005301156967
1468,266.5990687093333
1469,169.00183663085568
1470,461.5497563304665
1471,432.043966101651
1472,171.86886614858477
1473,373.90031324718547
1474,314.8135556703006
1475,145.1687377681866
1476,369.5477128521293
1477,457.5088079337256
1478,3103.4541673914455
1479,296.635372142792
1480,315.5225111604105
1481,1113.5105433044305
1482,1216.50193201484
1483,1160.2474457572916
1484,78.47970330737677
1485,406.09469070826344
1486,1180.3269643973679
1487,1116.134440771402
1488,1161.9177641276187
1489,2190.3809988227176
1490,311.63006050249993
1491,406.09469070826344
1492,352.1647678135364
1493,247.1638028143381
1494,408.6662033243713
1495,167.94499236799865
1496,241.7357350547264
1497,262.39581312382
1498,1249.7983863113927
1499,160.96517240999174
1500,309.93927551053457
1501,367.71091812633796
1502,374.2676721923437
1503,338.3245281604292
1504,267.220047059212
1505,335.588382708797
1506,317.8242692751037
1507,352.1647678135364
1508,402.05374231152257
1509,1080.915540255579
1510,332.90545619900337
1511,353.5784966473265
1512,1328.1426119828707
1513,461.5497563304665
1514,386.1402330535627
1515,462.28447422078295
1516,346.98217073117195
1517,1329.979406708662
1518,299.339247401036
1519,1130.8706960746333
1520,299.57424370405806
1521,1110.2713411897869
1522,149.0926115487727
1523,302.4218030493761
1524,1278.932648428358
1525,123.79007690547058
1526,1157.7944993131157
1527,137.33712530370843
1528,1151.196681841184
1529,1113.9673709455972
1530,1129.947061524625
1531,1135.2337708439147
1532,1238.1809234309335
1533,1111.0333130360873
1534,406.09469070826344
1535,391.91137593416533
1536,285.81880847371747
1537,379.89513098587236
1538,321.4002542829426
1539,352.1647678135364
1540,300.2628819510443
1541,1116.047297722146
1542,1181.8740653022594
1543,462.28447422078295
1544,1871.0566719091396
1545,284.94606721879586
1546,362.63973493765934
1547,211.65255811435821
1548,375.2631487858889
1549,346.7262256796995
1550,332.9496793426561
1551,303.72660599448477
1552,1185.7018132151409
1553,315.5225111604105
1554,1178.6153930152045
1555,406.09469070826344
1556,261.83138879149675
1557,1141.2285885826016
1558,247.75467425932823
1559,1160.4258880427583
1560,297.77702082841563
1561,384.71835549229934
1562,283.70030629624705
1563,212.754634949833
1564,364.1196450925176
1565,290.3846093526327
1566,333.3842290378475
1567,225.5880765644571
1568,1278.932648428358
1569,312.22109430574244
1570,181.54208699061053
1571,242.47045294504292
1572,271.614544951169
1573,399.1705776970994
1574,1997.369269379273
1575,462.28447422078295
1576,1251.391201915714
1577,1123.2459788864808
1578,299.89552300588605
1579,1245.0227200243353
1580,1112.2872226861093
1581,168.05159260992815
1582,354.68057348280126
1583,194.73558589363225
1584,267.220047059212
1585,439.8755785661292
1586,1174.3241602894602
1587,336.2512585555765
1588,422.7429178565398
1589,343.0526362281169
1590,242.19440621583271
1591,249.05381648196797
1592,153.76982632137378
1593,1178.6007494742876
1594,1161.9177641276187
1595,1085.6032294024053
1596,1139.459818697818
1597,373.77757790856185
1598,1123.2459788864808
1599,108.76544399912643
1600,399.1705776970994
1601,2149.320337315192
1602,1080.915540255579
1603,2437.4457633612365
1604,382.8897094939813
1605,252.40861463672695
1606,390.5485403954618
1607,2111.999069718592
1608,1207.9475675900476
1609,232.16911445463018
1610,290.3846093526327
1611,1112.2872226861093
1612,1041.8397943509503
1613,1202.9063159682676
1614,235.7118198401159
1615,443.06473445639875
1616,1002.2450190448686
1617,1152.3173817783572
1618,328.4776786846933
1619,346.7262256796995
1620,256.17980853205324
1621,185.57822173559506
1622,1163.8039605927195
1623,1250.4118604188627
1624,1188.6017574113228
1625,1278.932648428358
1626,249.46974307546088
1627,249.05381648196797
1628,399.1705776970994
1629,233.05233008377704
1630,2371.4018157364826
1631,1195.8288915665169
1632,1160.4258880427583
1633,150.67912194556047
1634,168.05159260992815
1635,320.0478931184643
1636,1014.5301714238636
1637,258.27254830931696
1638,181.7182036293251
1639,303.72660599448477
1640,243.93988872567596
1641,463.753910001416
1642,315.76379969122814
1643,429.35537886938846
1644,333.7572487054746
1645,320.0478931184643
1646,338.314053786204
1647,349.67557161519073
1648,249.18470054806482
1649,396.23170613583335
1650,2205.510120827711
1651,1018.893246193145
1652,384.7265042197726
1653,388.30962852611975
1654,1210.19594440465
1655,406.4620496534217
1656,260.2402271012051
1657,284.52781497855096
1658,212.01991705951647
1659,354.3689214844859
1660,404.2578959824722
1661,396.68704222122267
1662,288.8328571542375
1663,381.78763265850654
1664,312.5061368331385
1665,1335.1224319408777
1666,951.3176610274714
1667,140.42782967952175
1668,407.5641264888965
1669,362.63973493765934
1670,444.5341702370318
1671,461.5497563304665
1672,1211.419265022971
1673,1085.5925926699276
1674,296.6749439929408
1675,1274.8917000316171
1676,336.2116867054277
1677,1129.1584802074053
1678,462.28447422078295
1679,1144.819861616422
1680,349.59325519742856
1681,440.1258628951327
1682,1158.6567661938122
1683,1158.6567661938122
1684,1247.1056299124384
1685,396.68704222122267
1686,363.3744528279759
1687,1142.8289084293315
1688,311.84892170882785
1689,320.0478931184643
1690,1278.932648428358
1691,1174.6915192346185
1692,1219.4527695061083
1693,351.02311912791276
1694,269.28765594159586
1695,247.75467425932823
1696,462.28447422078295
1697,383.61627865682453
1698,1113.1084261608798
1699,314.4204343249357
1700,382.8897094939813
1701,397.7011419164664
1702,399.1705776970994
1703,396.68704222122267
1704,1184.8129368635252
1705,211.87872097744682
1706,294.27139928807435
1707,424.21235363717284
1708,3092.5609480270778
1709,1282.2388789347824
1710,289.0798064075241
1711,316.9919469410435
1712,379.671456127788
1713,1295.9482345217928
1714,1040.8895503300228
1715,267.220047059212
1716,333.3842290378475
1717,249.18470054806482
1718,423.1102768016981
1719,210.5263598129685
1720,274.31694163337363
1721,284.16045603339273
1722,396.23170613583335
1723,1274.8917000316171
1724,303.72660599448477
1725,352.1647678135364
1726,352.1647678135364
1727,1145.670162567116
1728,368.5279524344167
1729,231.13321894022351
1730,322.174544023408
1731,1041.8397943509503
1732,404.99261387278864
1733,169.00183663085568
1734,1085.5925926699276
1735,319.9308185023096
1736,379.671456127788
1737,269.17391640115807
1738,221.01180131131665
1739,1150.0946050057094
1740,406.09469070826344
1741,2378.333243384145
1742,225.5880765644571
1743,252.03310696409545
1744,406.09469070826344
1745,1077.6239532900715
1746,1127.435425022052
1747,994.4732826939251
1748,1055.8222265353543
1749,304.9214736219469
1750,272.47681183186546
1751,377.4673024568385
1752,347.71688862148847
1753,442.33001656608224
1754,1043.2601803564366
1755,315.5225111604105
1756,302.98622738169934
1757,1221.4108080147462
1758,377.57390269876805
1759,171.63720492127968
1760,1081.899050919122
1761,365.5067644553884
1762,243.4715902610571
1763,352.1647678135364
1764,284.4350241865636
1765,445.2688881273483
1766,1161.9177641276187
1767,385.82858105524735
1768,1215.2771198407415
1769,352.1647678135364
1770,314.78779327009397
1771,1130.374296583318
1772,2349.485502370615
1773,270.52294248991944
1774,308.344778744526
1775,3241.9913966419754
1776,1207.5802086448894
1777,1068.8241181880321
1778,455.304654262776
1779,392.55811668425076
1780,462.28447422078295
1781,2077.6005385865647
1782,386.1402330535627
1783,2149.320337315192
1784,355.04793242795955
1785,1130.8706960746333
1786,457.87616687888385
1787,191.9242633227461
1788,1276.7284947574085
1789,1068.4567592428739
1790,1230.1765294034576
1791,370.9614416859194
1792,196.1064078015566
1793,1057.336894888605
1794,346.61481178601366
1795,1055.1817909928025
1796,225.73990937900436
1797,249.83710202061914
1798,316.73600188957107
1799,382.15499160366477
1800,1103.29152123178
1801,1206.5952064255691
1802,261.24051734650664
1803,181.3935892517802
1804,233.4544472273278
1805,1054.2315469718749
1806,395.21760644058963
1807,248.10357246104041
1808,169.00183663085568
1809,1140.6603470477492
1810,1077.007801571687
1811,398.06850086162467
1812,1207.7014524277358
1813,1192.885850838559
1814,258.63990725447525
1815,396.23170613583335
1816,274.7875657447445
1817,245.9178795335369
1818,3177.817320779718
1819,235.7118198401159
1820,399.1705776970994
1821,1174.6915192346185
1822,461.5497563304665
1823,399.1785640663203
1824,274.7875657447445
1825,1226.5544777320263
1826,379.671456127788
1827,290.3846093526327
1828,380.31819687787345
1829,392.55811668425076
1830,1057.336894888605
1831,136.06475491024037
1832,461.5497563304665
1833,1041.51766797841
1834,233.05233008377704
1835,1028.1984636049478
1836,406.02517431147834
1837,1192.7687762224043
1838,402.78846020183914
1839,1118.4032842076426
1840,316.73600188957107
1841,1106.2924049474225
1842,1084.3840779507757
1843,1149.2346637717646
1844,1168.454403536149
1845,1228.145157295506
1846,187.48685850492336
1847,297.77702082841563
1848,1080.915540255579
1849,442.69737551124047
1850,382.8897094939813
1851,368.1605934892584
1852,294.27139928807435
1853,287.71697086882057
1854,321.4002542829426
1855,1158.6567661938122
1856,271.7420939415489
1857,2318.4504002476324
1858,181.28698900985069
1859,1149.9693816620813
1860,1132.701185592891
1861,333.3842290378475
1862,399.5379366422577
1863,327.6849282007818
1864,1034.7881323494064
1865,2033.0854034773863
1866,462.28447422078295
1867,398.4277110793097
1868,462.28447422078295
1869,279.92011660273494
1870,233.4544472273278
1871,386.1402330535627
1872,182.17353971471445
1873,442.69737551124047
1874,1171.064009426366
1875,457.14144898856733
1876,2230.907557406281
1877,338.82277117168434
1878,184.58274514204982
1879,386.1402330535627
1880,123.79007690547058
1881,1174.6915192346185
1882,235.7118198401159
1883,406.09469070826344
1884,319.9308185023096
1885,261.78150492537515
1886,1110.7830287070838
1887,407.5641264888965
1888,261.07821015773425
1889,352.1647678135364
1890,404.2578959824722
1891,365.5067644553884
1892,212.754634949833
1893,2077.967897531723
1894,318.63082920895727
1895,290.3846093526327
1896,399.1785640663203
1897,338.3245281604292
1898,406.09469070826344
1899,1279.4212511563628
1900,1042.4802298935024
1901,1184.9057276555127
1902,426.7838662532806
1903,83.91824544121366
1904,1180.3269643973679
1905,407.5641264888965
1906,1225.2062857342398
1907,241.3878462819792
1908,1027.929556174246
1909,1132.61320845266
1910,315.76379969122814
1911,227.45962948864093
1912,325.9256362409965
1913,379.2161200423987
1914,275.66596772213506
1915,1216.9926707836864
1916,228.39373841287437
1917,172.97575663581586
1918,406.09469070826344
1919,379.671456127788
1920,338.314053786204
1921,252.03310696409545
1922,384.7265042197726
1923,195.59785277432871
1924,210.7975928904224
1925,203.19531600649742
1926,315.76379969122814
1927,341.7662940264543
1928,388.71174566967056
1929,284.52781497855096
1930,373.90031324718547
1931,440.1258628951327
1932,443.06473445639875
1933,352.1647678135364
1934,2009.6624081274888
1935,281.33865908828136
1936,315.5225111604105
1937,187.71534701476392
1938,357.61944504406733
1939,294.27139928807435
1940,1071.0420813089236
1941,1160.4258880427583
1942,439.7585039499744
1943,266.11797022373725
1944,262.39581312382
1945,320.0478931184643
1946,1295.702119359481
1947,1122.5112609961643
1948,374.2676721923437
1949,1331.0814835441367
1950,1190.1972636062965
1951,1210.3948533117548
1952,269.4660982270624
1953,1040.8895503300228
1954,378.56937929231333
1955,396.23170613583335
1956,252.40861463672695
1957,1235.354312834066
1958,1048.7525859171765
1959,150.67912194556047
1960,232.94324183684313
1961,392.55811668425076
1962,230.15869109512866
1963,299.89552300588605
1964,299.57424370405806
1965,154.23563678098833
1966,161.9501746293118
1967,1138.2017398811045
1968,245.9178795335369
1969,125.41367114740282
1970,1151.8595576879636
1971,1267.5486902951438
1972,211.54612023068108
1973,1040.8895503300228
1974,461.9171152756247
1975,2200.6364602554477
1976,1091.333308877082
1977,1928.660184255449
1978,1207.3340934825776
1979,1208.4263404288915
1980,1082.6537211086616
1981,396.68704222122267
1982,396.23170613583335
1983,407.5641264888965
1984,298.28806386064787
1985,1211.7866239681293
1986,380.31819687787345
1987,171.63720492127968
1988,1035.2725659107195
1989,444.5341702370318
1990,346.7262256796995
1991,316.9919469410435
1992,343.4199951732752
1993,1617.4913586472373
1994,406.09469070826344
1995,246.23535461257356
1996,378.56937929231333
1997,1154.1089439315308
1998,368.4456360166545
1999,393.01345276964014
2000,1159.297201736364
2001,368.4456360166545
2002,1164.813246636207
2003,316.257229050727
2004,247.75467425932823
2005,1188.360468880505
2006,1033.8259223984765
2007,101.52486533789079
2008,341.0269248426339
2009,195.06020027117717
2010,218.24655838376083
2011,269.9909507092368
2012,397.3256342438349
2013,1099.6693072020962
2014,289.0798064075241
2015,301.4715590284486
2016,319.9308185023096
2017,406.09469070826344
2018,437.5543502790249
2019,1101.5990550781273
2020,252.42390266270846
2021,225.5880765644571
2022,195.61880152277908
2023,408.298844379213
2024,1101.603224244819
2025,1223.2476027405373
2026,261.4455691028925
2027,1174.3095167485433
2028,341.0269248426339
2029,258.3839622030028
2030,346.7262256796995
2031,1261.182344444607
2032,457.87616687888385
2033,308.344778744526
2034,390.5485403954618
2035,285.81880847371747
2036,350.0324561861238
2037,404.2578959824722
2038,375.2631487858889
2039,254.7298429238312
2040,402.78846020183914
2041,267.2619445561128
2042,1915.318187613597
2043,210.55048127888344
2044,317.35930588620175
2045,1138.603857024655
2046,297.77702082841563
2047,329.71063958626485
2048,1871.163272151069
2049,346.7262256796995
2050,1187.746994773035
2051,406.09469070826344
2052,1052.9551970176253
2053,346.98217073117195
2054,1329.979406708662
2055,256.6384796931595
2056,282.99701152860615
2057,270.52294248991944
2058,429.35537886938846
2059,380.31819687787345
2060,290.3846093526327
2061,235.7118198401159
2062,398.06850086162467
2063,1100.1685466625786
2064,258.27254830931696
2065,1278.932648428358
2066,333.3842290378475
2067,1021.9305692688674
2068,289.0798064075241
2069,1026.3388766107664
2070,233.08708828216953
2071,1144.5800516616437
2072,1141.0277059929074
2073,362.63973493765934
2074,167.94499236799865
2075,462.28447422078295
2076,2349.485502370615
2077,211.28519916919996
2078,406.4620496534217
2079,1135.2337708439147
2080,262.8117397173129
2081,3138.4089741283233
2082,373.90031324718547
2083,168.05159260992815
2084,1171.064009426366
2085,320.9068249234438
2086,390.5485403954618
2087,461.5497563304665
2088,388.97250437289927
2089,182.34383327270774
2090,343.4199951732752
2091,2203.3059671567617
2092,1136.385249418699
2093,399.1785640663203
2094,461.9171152756247
2095,1040.8895503300228
2096,298.28806386064787
2097,301.4715590284486
2098,1182.0425153403128
2099,1117.5514917011715
2100,156.70869788263988
2101,1280.402084208991
2102,3177.0212352200897
2103,1264.9424194806434
2104,3170.877919742572
2105,1045.8583024434638
2106,307.0004039492685
2107,296.6749439929408
2108,330.3339435828956
2109,422.7429178565398
2110,1041.8397943509503
2111,352.1647678135364
2112,996.6280346255653
2113,285.81880847371747
2114,404.2578959824722
2115,402.78846020183914
2116,1142.8289084293315
2117,1068.5690202072722
2118,398.0603521341514
2119,399.1785640663203
2120,395.21760644058963
2121,97.73420127015348
2122,1049.4705242257346
2123,289.9848178558339
2124,1248.3289505307596
2125,357.2520860989091
2126,252.7759735818852
2127,162.43460819062477
2128,275.2986087769768
2129,1263.3864981155564
2130,1209.1708882083688
2131,333.38988976031635
2132,205.66837710814895
2133,1187.2583920450304
2134,136.06475491024037
2135,348.49117836195376
2136,441.5952986757657
2137,3191.3482340812616
2138,997.5558383422652
2139,314.34293155892976
2140,197.18436317111644
2141,1335.1224319408777
2142,247.63294834966956
2143,338.82277117168434
2144,353.7165200119316
2145,329.71063958626485
2146,3090.112170749594
2147,311.03670105250546
2148,402.05374231152257
2149,1238.1809234309335
2150,356.1152510650418
2151,252.42390266270846
2152,318.63082920895727
2153,346.7262256796995
2154,317.35930588620175
2155,406.09469070826344
2156,1032.235242834997
2157,406.09469070826344
2158,1326.3058172570793
2159,329.71063958626485
2160,1145.247096675115
2161,1173.100839671139
2162,2293.1786442419407
2163,315.1551522152522
2164,185.1390207468998
2165,215.5208873063538
2166,2046.6058424047048
2167,230.24666823535975
2168,461.9171152756247
2169,342.5682026668039
2170,462.28447422078295
2171,233.05233008377704
2172,399.1705776970994
2173,290.35217680099214
2174,148.9594018359239
2175,383.9917863294561
2176,389.6192451229847
2177,1286.0295430025196
2178,315.5225111604105
2179,244.32338276752833
2180,278.7252489752728
2181,190.28685963087173
2182,307.0004039492685
2183,406.09469070826344
2184,1210.2729650438437
2185,461.9171152756247
2186,429.35537886938846
2187,393.23712762772436
2188,204.36357416304028
2189,1188.360468880505
2190,311.2118082622551
2191,1108.5497775602105
2192,404.2578959824722
2193,396.23170613583335
2194,406.09469070826344
2195,1023.5170796656552
2196,462.28447422078295
2197,352.1647678135364
2198,300.2628819510443
2199,429.35537886938846
2200,352.1647678135364
2201,149.0926115487727
2202,235.7118198401159
2203,390.5485403954618
2204,332.90545619900337
2205,399.1785640663203
2206,352.1647678135364
2207,252.03310696409545
2208,368.81299496181276
2209,240.80162613049296
2210,297.77702082841563
2211,342.0732947312658
2212,271.614544951169
2213,166.54173790843373
2214,1145.247096675115
2215,386.1402330535627
2216,350.69533203290337
2217,362.63973493765934
2218,1113.9673709455972
2219,181.3935892517802
2220,1224.2284357931658
2221,436.8196323887083
2222,396.68704222122267
2223,182.34383327270774
2224,180.1849121743759
2225,384.7265042197726
2226,315.5225111604105
2227,1114.0829540059747
2228,429.35537886938846
2229,239.84074537708784
2230,399.1785640663203
2231,1229.2472341309806
2232,1033.8031301300864
2233,444.5341702370318
2234,1335.1224319408777
2235,378.56937929231333
2236,1112.623992599567
2237,313.48780397674165
2238,461.5497563304665
2239,306.6330450041103
2240,1299.340950612671
2241,379.671456127788
2242,335.84432776026944
2243,316.9919469410435
2244,1052.3214186467694
2245,210.9178402240417
2246,1096.5619856027768
2247,221.01180131131665
2248,311.63006050249993
2249,252.03310696409545
2250,241.1294132255024
2251,388.30962852611975
2252,290.3846093526327
2253,258.03273835453865
2254,299.57424370405806
2255,382.8897094939813
2256,319.9308185023096
2257,432.16104071780575
2258,462.28447422078295
2259,379.671456127788
2260,252.40861463672695
2261,1191.4205842246176
2262,355.6599149796524
2263,1175.9001963120227
2264,406.09469070826344
2265,2048.677633433518
2266,393.12005301156967
2267,382.8897094939813
2268,167.11182296322585
2269,249.55205949322308
2270,382.8897094939813
2271,312.22109430574244
2272,443.3973352031645
2273,419.43668735011545
2274,1175.8396757134235
2275,329.71063958626485
2276,444.5341702370318
2277,315.76379969122814
2278,284.94606721879586
2279,1154.1089439315308
2280,429.35537886938846
2281,303.72660599448477
2282,311.64053487672516
2283,303.72660599448477
2284,288.12956238659655
2285,399.1705776970994
2286,262.323971080283
2287,1336.7131115043571
2288,335.588382708797
2289,984.8273158078832
2290,351.02311912791276
2291,1297.7502710491915
2292,316.62458799588524
2293,335.2314981378639
2294,2137.080417508814
2295,238.6797888773056
2296,277.0426127107807
2297,310.1710990960921
2298,251.9951760482384
2299,262.39581312382
2300,349.59325519742856
2301,349.67557161519073
2302,392.925475629409
2303,1475.0568650870412
2304,1224.2284357931658
2305,249.46974307546088
2306,1207.2832001874908
2307,440.1258628951327
2308,1057.336894888605
2309,2152.2592088764577
2310,1161.9177641276187
2311,275.90810332366533
2312,262.8117397173129
2313,311.771418942822
2314,248.07214933836485
2315,1178.982751960363
2316,1161.9177641276187
2317,319.9308185023096
2318,1078.5984811351664
2319,169.43305125033012
2320,257.6492443126863
2321,153.48478379397773
2322,383.61627865682453
2323,1026.3388766107664
2324,315.5225111604105
2325,1278.2844161224955
2326,1085.5925926699276
